Title,Episodes,Start_&_End
"Fullmetal Alchemist: BrotherhoodTV (64 eps)Apr 2009 - Jul 20103,218,472 membersManga StoreVolume 1€4.58Preview",(64 eps),Apr 2009 - Jul 2010
"Steins;GateTV (24 eps)Apr 2011 - Sep 20112,473,707 members",(24 eps),Apr 2011 - Sep 2011
"Bleach: Sennen Kessen-henTV (13 eps)Oct 2022 - Dec 2022474,138 members",(13 eps),Oct 2022 - Dec 2022
"Gintama°TV (51 eps)Apr 2015 - Mar 2016605,113 members",(51 eps),Apr 2015 - Mar 2016
"Shingeki no Kyojin Season 3 Part 2TV (10 eps)Apr 2019 - Jul 20192,146,679 membersManga StoreVolume 1€10.99Preview",(10 eps),Apr 2019 - Jul 2019
"Gintama'TV (51 eps)Apr 2011 - Mar 2012534,105 members",(51 eps),Apr 2011 - Mar 2012
"Gintama: The FinalMovie (1 eps)Jan 2021 - Jan 2021137,208 members",(1 eps),Jan 2021 - Jan 2021
"Hunter x Hunter TV (148 eps)Oct 2011 - Sep 20142,701,154 members",(148 eps),Oct 2011 - Sep 2014
"Kaguya-sama wa Kokurasetai: Ultra RomanticTV (13 eps)Apr 2022 - Jun 2022851,445 members",(13 eps),Apr 2022 - Jun 2022
"Gintama': EnchousenTV (13 eps)Oct 2012 - Mar 2013313,446 members",(13 eps),Oct 2012 - Mar 2013
"Shingeki no Kyojin: The Final Season - Kanketsu-henSpecial (2 eps)Mar 2023 - May 2023472,340 membersManga StoreVolume 1€10.99Preview",(2 eps),Mar 2023 - May 2023
"Ginga Eiyuu DensetsuOVA (110 eps)Jan 1988 - Mar 1997309,193 members",(110 eps),Jan 1988 - Mar 1997
"Bleach: Sennen Kessen-hen - Ketsubetsu-tanTV (13 eps)Jul 2023 - Aug 2023 178,482 members",(13 eps),Jul 2023 - Aug 2023
"Fruits Basket: The FinalTV (13 eps)Apr 2021 - Jun 2021443,882 membersManga StoreVolume 1€6.66Preview",(13 eps),Apr 2021 - Jun 2021
"Gintama.TV (12 eps)Jan 2017 - Mar 2017302,232 members",(12 eps),Jan 2017 - Mar 2017
"GintamaTV (201 eps)Apr 2006 - Mar 20101,034,418 members",(201 eps),Apr 2006 - Mar 2010
"Koe no KatachiMovie (1 eps)Sep 2016 - Sep 20162,228,957 membersManga StoreVolume 1€10.99Preview",(1 eps),Sep 2016 - Sep 2016
"3-gatsu no Lion 2nd SeasonTV (22 eps)Oct 2017 - Mar 2018388,358 members",(22 eps),Oct 2017 - Mar 2018
"Clannad: After StoryTV (24 eps)Oct 2008 - Mar 20091,160,879 members",(24 eps),Oct 2008 - Mar 2009
"Code Geass: Hangyaku no Lelouch R2TV (25 eps)Apr 2008 - Sep 20081,720,715 members",(25 eps),Apr 2008 - Sep 2008
"Gintama Movie 2: Kanketsu-hen - Yorozuya yo Eien NareMovie (1 eps)Jul 2013 - Jul 2013232,388 members",(1 eps),Jul 2013 - Jul 2013
"Violet Evergarden MovieMovie (1 eps)Sep 2020 - Sep 2020564,225 members",(1 eps),Sep 2020 - Sep 2020
"Owarimonogatari 2nd SeasonTV (7 eps)Aug 2017 - Aug 2017385,248 members",(7 eps),Aug 2017 - Aug 2017
"Gintama.: Shirogane no Tamashii-hen - Kouhan-senTV (14 eps)Jul 2018 - Oct 2018189,172 members",(14 eps),Jul 2018 - Oct 2018
"MonsterTV (74 eps)Apr 2004 - Sep 20051,041,081 members",(74 eps),Apr 2004 - Sep 2005
"Kimi no Na wa.Movie (1 eps)Aug 2016 - Aug 20162,635,814 membersManga StoreVolume 1€4.58Preview",(1 eps),Aug 2016 - Aug 2016
"Kaguya-sama wa Kokurasetai: First Kiss wa OwaranaiMovie (1 eps)Dec 2022 - Dec 2022205,150 members",(1 eps),Dec 2022 - Dec 2022
"Bocchi the Rock!TV (12 eps)Oct 2022 - Dec 2022464,981 members",(12 eps),Oct 2022 - Dec 2022
"The First Slam DunkMovie (1 eps)Dec 2022 - Dec 202227,063 members",(1 eps),Dec 2022 - Dec 2022
"Vinland Saga Season 2TV (24 eps)Jan 2023 - Jun 2023495,454 membersManga StoreVolume 1€17.99Preview",(24 eps),Jan 2023 - Jun 2023
"Jujutsu Kaisen 2nd SeasonTV (23 eps)Jul 2023 - Aug 2023 556,301 members",(23 eps),Jul 2023 - Aug 2023
"Gintama.: Shirogane no Tamashii-henTV (12 eps)Jan 2018 - Mar 2018203,540 members",(12 eps),Jan 2018 - Mar 2018
"Kingdom 3rd SeasonTV (26 eps)Apr 2020 - Oct 202193,645 members",(26 eps),Apr 2020 - Oct 2021
"Mob Psycho 100 IITV (13 eps)Jan 2019 - Apr 20191,458,089 members",(13 eps),Jan 2019 - Apr 2019
"Shingeki no Kyojin: The Final SeasonTV (16 eps)Dec 2020 - Mar 20211,882,760 membersManga StoreVolume 1€10.99Preview",(16 eps),Dec 2020 - Mar 2021
"Kimetsu no Yaiba: Yuukaku-henTV (11 eps)Dec 2021 - Feb 20221,302,152 members",(11 eps),Dec 2021 - Feb 2022
"Kizumonogatari III: Reiketsu-henMovie (1 eps)Jan 2017 - Jan 2017445,640 membersManga StorePart1€9.99Preview",(1 eps),Jan 2017 - Jan 2017
"""Oshi no Ko""TV (11 eps)Apr 2023 - Jun 2023645,856 members",(11 eps),Apr 2023 - Jun 2023
"Haikyuu!! Karasuno Koukou vs. Shiratorizawa Gakuen KoukouTV (10 eps)Oct 2016 - Dec 20161,157,497 members",(10 eps),Oct 2016 - Dec 2016
"Sen to Chihiro no KamikakushiMovie (1 eps)Jul 2001 - Jul 20011,784,960 members",(1 eps),Jul 2001 - Jul 2001
"Monogatari Series: Second SeasonTV (26 eps)Jul 2013 - Dec 2013653,257 membersManga StoreVolume 1€9.99Preview",(26 eps),Jul 2013 - Dec 2013
"Shingeki no Kyojin: The Final Season Part 2TV (12 eps)Jan 2022 - Apr 20221,170,165 membersManga StoreVolume 1€10.99Preview",(12 eps),Jan 2022 - Apr 2022
"Hajime no IppoTV (75 eps)Oct 2000 - Mar 2002558,435 members",(75 eps),Oct 2000 - Mar 2002
"Cowboy BebopTV (26 eps)Apr 1998 - Apr 19991,796,109 members",(26 eps),Apr 1998 - Apr 1999
"Kingdom 4th SeasonTV (26 eps)Apr 2022 - Oct 202255,833 members",(26 eps),Apr 2022 - Oct 2022
"Vinland SagaTV (24 eps)Jul 2019 - Dec 20191,403,669 membersManga StoreVolume 1€17.99Preview",(24 eps),Jul 2019 - Dec 2019
"Mushishi Zoku Shou 2nd SeasonTV (10 eps)Oct 2014 - Dec 2014257,622 membersManga StoreVolume 1€10.99Preview",(10 eps),Oct 2014 - Dec 2014
"Shouwa Genroku Rakugo Shinjuu: Sukeroku Futatabi-henTV (12 eps)Jan 2017 - Mar 2017182,450 membersManga StoreVolume 1€12.99Preview",(12 eps),Jan 2017 - Mar 2017
"Mob Psycho 100 IIITV (12 eps)Oct 2022 - Dec 2022600,098 members",(12 eps),Oct 2022 - Dec 2022
"Rurouni Kenshin: Meiji Kenkaku Romantan - Tsuioku-henOVA (4 eps)Feb 1999 - Sep 1999271,108 members",(4 eps),Feb 1999 - Sep 1999
